diretor;filmes;residuo_medio;acima_do_esperado;filmes_com_financeiro;roi_mediano
Christopher Nolan;10;13,397342442124232;1,0;10;3,6718535366666663
Stanley Kubrick;9;13,250882147247397;1,0;6;2,118458734449761
Hayao Miyazaki;5;13,018950722672567;1,0;4;6,883243287499999
Denis Villeneuve;6;12,889781084474834;1,0;5;2,463272760869565
Bong Joon-ho;6;11,969135966765817;1,0;2;2,79637385
Peter Jackson;11;11,400468608238949;1,0;10;3,79936295
Akira Kurosawa;8;11,135802211073951;1,0;1;0,17315
Wes Anderson;9;11,127473253982345;1,0;8;1,8806926499999999
Edgar Wright;6;11,091098752452012;1,0;6;3,70863895
Francis Ford Coppola;9;10,90100176219579;1,0;9;2,7289192698412696
Taika Waititi;5;10,876094441645131;0,8;5;4,724904322222222
Park Chan-wook;6;9,943127333043895;1,0;3;1,0029094166666668
Pedro Almodóvar;5;9,856282305612169;1,0;2;5,937808765139117
Quentin Tarantino;8;9,803905186931685;0,875;8;3,227715641666667
Peter Weir;5;9,736245828904966;1,0;4;4,931509008333333
Lee Unkrich;5;9,593990150369986;1,0;5;5,34439761
David Fincher;10;9,296901528229125;1,0;9;2,0601997375
Brad Bird;5;9,204952384567452;0,8;5;4,176997966666667
Mamoru Hosoda;6;9,165294542845478;1,0;1;3,3257502
Anthony Russo;7;9,120601202048745;0,8571428571428571;6;4,404981198470589
Joe Russo;7;9,120601202048745;0,8571428571428571;6;4,404981198470589
Rob Reiner;8;9,065490207805958;1,0;8;2,5667958
Alex Kendrick;5;9,011221494367561;1,0;5;24,663244666666667
Jay Oliva;11;8,950222593505782;1,0;1;1,47295
Martin Scorsese;19;8,847614582810863;0,9473684210526315;19;1,8878826907216495
Alfonso Cuarón;6;8,747933297080339;1,0;6;1,5693879713157894
James Cameron;9;8,703747223248943;0,8888888888888888;8;7,967818939411765
David Leitch;5;8,654726511037769;1,0;4;3,0275360352541716
James Wan;10;8,564853615765383;1,0;9;7,971334136842105
Craig Gillespie;5;8,454351891457183;1,0;5;1,16751617
Hideaki Anno;5;7,979592545877113;1,0;2;3,7267600032338306
Roman Polanski;8;7,93671109763972;1,0;8;1,5305892378947368
Ron Clements;6;7,800450965332369;1,0;5;2,7589678571428573
John Musker;6;7,800450965332369;1,0;5;2,7589678571428573
Wong Kar-wai;8;7,7451873576873576;1,0;1;1,6065498333333332
Lauren Montgomery;8;7,644100578461434;1,0;1;79,94543914285714
Ethan Spaulding;9;7,508544976394325;0,8888888888888888;2;8,265978871910669
Danny Boyle;7;7,444331983366971;1,0;7;3,388157576923077
John Hughes;6;7,426426426426427;1,0;6;5,237554466666667
Richard Linklater;8;7,405118764835228;0,875;6;3,9427068999999997
Steven Spielberg;29;7,387183902619;0,8620689655172413;27;4,252083313513514
Stephen Chow;5;7,166772435565631;1,0;1;5,1017052
Pete Docter;6;7,126282946831331;1,0;4;4,5200849142857145
Alan Parker;6;6,752861736083556;1,0;6;1,6589474901960783
Matt Reeves;5;6,68096183119147;1,0;5;3,831633585
Matt Peters;5;6,653582026282322;0,8;0;
George Tillman;5;6,57996577637027;0,8;4;1,7006188964194373
Kim Ji-woon;7;6,363284654479023;0,8571428571428571;1;1,6110252333333333
Sidney Lumet;7;6,332165737634995;0,8571428571428571;4;7,662780745614035
David Lynch;7;6,306660813973978;0,7142857142857143;6;0,9019351
Mamoru Oshii;7;6,269151678382381;0,8571428571428571;0;
Neil Burger;5;6,185120715934718;0,8;4;3,3011966411764706
Wilson Yip;5;6,149765782652383;1,0;3;3,391268576923077
Lasse Hallström;10;6,133008112908704;0,7;9;3,358962535714286
Paul Thomas Anderson;8;6,065790546555558;0,875;8;1,1465071335135135
David Cronenberg;11;5,993728339862044;0,6363636363636364;7;1,12154176
Ethan Coen;15;5,946774599061749;0,8666666666666667;14;2,956970227272727
James Mangold;9;5,938610152093297;0,6666666666666666;9;2,31053493852459
Zhang Yimou;7;5,908330500515562;0,8571428571428571;4;1,9879448066666665
Matthew Vaughn;6;5,904647319412633;1,0;6;2,720357714285714
James Gunn;6;5,903383806823936;0,8333333333333334;4;3,7176274774999998
Guillermo del Toro;11;5,801206746738203;0,9090909090909091;9;1,9440977333333334
Darren Aronofsky;7;5,798760678099563;0,8571428571428571;6;5,243232141025642
Marc Webb;5;5,795187695402854;0,8;4;4,07351104
Joel Coen;16;5,7839228012037225;0,875;14;2,956970227272727
Mike Flanagan;6;5,771517504663572;0,8333333333333334;3;8,8230992
Spike Lee;7;5,672067755530049;0,8571428571428571;7;3,7159653
Guy Ritchie;13;5,65191420513439;0,8461538461538461;11;1,5441299444444445
Kenny Ortega;7;5,566215339611595;1,0;2;13,278617725649351
Sam Liu;19;5,556725159462327;0,7894736842105263;4;4,049419308823529
Takashi Miike;8;5,546633066730284;0,875;2;2,5757650666666665
Francis Lawrence;5;5,465791635109246;1,0;4;3,4286572
Makoto Shinkai;5;5,4058081551595105;0,8;0;
Gaspar Noé;5;5,356429172177068;0,8;2;0,08736627083333334
Robert Zemeckis;16;5,313272339208617;0,75;15;4,711485114285714
Baz Luhrmann;5;5,285451172822275;1,0;4;3,3529981036414567
Tsutomu Shibayama;8;5,164846039064226;0,875;0;
Takashi Yamazaki;6;5,116127882430738;0,8333333333333334;1;2,373175942857143
Sam Mendes;8;5,002268705393705;0,875;7;2,9302578133333332
Nancy Meyers;5;4,951627680969092;0,8;5;4,92789275
Ron Howard;18;4,951406804243316;0,8333333333333334;17;2,926924893333333
Jean-Jacques Annaud;7;4,918241410287133;0,8571428571428571;5;1,8777983428571428
David Yates;6;4,908163538461174;0,8333333333333334;6;3,4799604855000004
Lars von Trier;6;4,884262696411575;0,6666666666666666;5;1,6680836
John McTiernan;7;4,858377510743361;0,7142857142857143;7;2,589672166666667
Jaume Collet-Serra;9;4,72296113511001;0,7777777777777778;7;2,9627459
Andrew Niccol;5;4,697753999049731;0,6;4;1,36426726
Ridley Scott;20;4,6784038783171145;0,75;18;1,9771379109090907
Shinsuke Sato;5;4,668842868842868;0,8;0;
Adam McKay;8;4,6599438534278965;0,75;8;2,1009949410958906
Don Hall;5;4,616421372859625;0,6;5;1,6715202333333334
Sam Raimi;12;4,60060219632544;0,75;10;3,0409680541666666
Paul Greengrass;8;4,5350426731447175;0,75;7;3,4680693
Brad Anderson;5;4,529716042411695;0,8;1;1,7310794
Tony Scott;15;4,5218500089712;0,7333333333333333;13;2,18280965
Marc Forster;9;4,481711973406149;0,7777777777777778;9;2,6365916933333335
Jim Sheridan;5;4,478507563268801;0,6;3;1,166673875
Jr.;6;4,401082591419669;0,6666666666666666;4;1,7006188964194373
Jim Abrahams;5;4,338758538758538;1,0;5;6,509090909090909
Antoine Fuqua;13;4,313275114503726;0,6923076923076923;11;2,3223411555555558
Kathryn Bigelow;6;4,296944592279734;0,6666666666666666;4;1,6471127793650795
Shigeyasu Yamauchi;6;4,1931628565404635;0,8333333333333334;2;2,094328924701195
Jackie Chan;10;4,178913738843317;0,9;2;4,049212181303418
David Gordon Green;5;4,143531522037156;1,0;4;4,599302182692307
Todd Phillips;9;4,10070640549364;0,7777777777777778;9;3,614061
Philip Kaufman;5;4,027759745968703;0,8;4;1,7745066527777777
Barry Levinson;10;3,9958595917210338;1,0;8;2,738113202922078
Norman Jewison;6;3,9815524479703583;0,8333333333333334;4;7,160302433333333
William Lau;10;3,9618960203934463;0,8;1;6,161032455830389
Chris Columbus;11;3,93280640967873;0,6363636363636364;11;3,19490558
Mel Brooks;5;3,9244936898183296;0,8;5;1,78698775
Tommy Wirkola;5;3,922839137829682;0,8;4;3,2692383
John Woo;8;3,898660360258299;0,5;6;2,636461141346154
Ric Roman Waugh;5;3,8794706233956773;0,8;4;3,881624192006438
Wolfgang Petersen;9;3,8750029946405067;0,8888888888888888;9;3,2210136
Nick Park;6;3,828199250892697;0,6666666666666666;3;5,423664642857143
Woody Allen;12;3,7620625010382196;0,75;11;5,409173766666667
Zack Snyder;10;3,749208628209191;0,5;7;2,18648403
Justin Lin;6;3,7206317663285113;0,8333333333333334;6;2,7437749583823527
Jonathan Lynn;5;3,6715601530322943;0,8;4;2,269963795833333
Tim Burton;17;3,6342711726872703;0,6470588235294118;15;2,7317872
Mike Nichols;5;3,5997464805606483;0,8;5;3,6847726785714285
Bryan Singer;7;3,5833789018096445;0,7142857142857143;7;3,047963741573034
Gore Verbinski;8;3,562909420672688;0,625;8;3,417144791666667
Ruben Fleischer;6;3,5606275243511902;0,6666666666666666;5;2,6086045416666668
John Ford;5;3,5238095238095255;0,75;2;2,6610416666666667
John Lee Hancock;7;3,470595124667839;0,5714285714285714;5;3,2846435714285716
Richard Donner;15;3,442204169553014;0,9333333333333333;13;2,44041696
Jerry Zucker;6;3,311878521555942;0,6666666666666666;6;4,391119898989899
Sammo Hung;8;3,3072918375157183;0,625;2;5,325146123531231
Jon Favreau;8;3,291220459415287;0,75;6;3,3999723488931055
John Carpenter;13;3,2908663527771034;0,6923076923076923;8;0,760989235
Clint Eastwood;25;3,232958298529782;0,68;24;3,161812667272727
F. Gary Gray;9;3,205049677565501;0,6666666666666666;9;2,474712849056604
Byron Howard;5;3,197830093548802;0,8;4;2,216031972307692
Frank Oz;5;3,046818194965462;0,6;3;1,2915795
Don Siegel;6;3,0168107873331778;0,8333333333333334;2;5,507
David Zucker;7;3,001370665302354;0,7142857142857143;7;4,4677655
Ang Lee;9;2,9819680561012882;0,7777777777777778;9;4,472794333333334
Alex Proyas;5;2,946653861602313;0,6;5;2,2041161739130435
Paul Verhoeven;9;2,900318353992016;0,7777777777777778;5;1,2746934761904762
Lilly Wachowski;7;2,899907307106933;0,7142857142857143;7;1,5580704444444444
Scott Derrickson;7;2,880321060395285;0,5714285714285714;5;8,029393222222222
Neil Jordan;6;2,8720190643925343;0,6666666666666666;5;7,512918021868788
Lana Wachowski;8;2,846446671496344;0,75;8;1,4195898986928106
Bernardo Bertolucci;5;2,8033431415520966;0,6;3;1,0080776666666666
Michael Goguen;8;2,78361107827872;0,625;0;
Stephen Frears;5;2,760739675063101;0,6;2;5,320516241666667
Will Gluck;6;2,6837215810002575;0,5;6;3,7717466142857146
Joe Wright;7;2,6790167192830725;0,5714285714285714;5;4,325990933333333
Billy Wilder;7;2,6634871339840283;0,7142857142857143;0;
Michael Mann;7;2,650028997746229;0,5714285714285714;7;1,8876464
Mike Newell;6;2,611834084454216;0,6666666666666666;6;2,0190943505494507
Brian De Palma;12;2,6076903803939424;0,75;11;1,1777777777777778
Andrew Adamson;5;2,6008743169398914;0,8;4;6,987608815
Alfred Hitchcock;8;2,587301587301588;0,5714285714285714;3;3,5
Gregory Hoblit;6;2,5482174482174513;0,5;6;1,8502013668202766
Alan J. Pakula;5;2,5015626537641453;0,6;4;3,3403428777777777
Peyton Reed;6;2,481340220831657;0,8333333333333334;6;3,9737566019230766
Gus Van Sant;6;2,475220208032708;0,6666666666666666;6;2,712889275
Edward Zwick;11;2,4601222099990876;0,6363636363636364;9;2,6657748166666666
Steven Soderbergh;13;2,451127169523659;0,6923076923076923;12;3,2817404407358524
Terry Gilliam;6;2,39936604027926;0,5;6;1,7306661875
Isaac Florentine;6;2,308472067260727;0,5;2;0,0257474
David Lean;6;2,298490205446728;0,8;4;7,425913142424243
Jason Reitman;8;2,24856311635014;0,625;6;3,2646205866666667
Sean Anders;7;2,2410216914417425;0,7142857142857143;7;2,61758231884058
Jon M. Chu;6;2,2365567928520798;0,8333333333333334;6;4,588846433333333
Rob Marshall;5;2,2006816479038775;0,6;5;2,7591393192612137
Rawson Marshall Thurber;5;2,1477146210232503;0,8;5;4,3438961
Paul Feig;7;2,1381291201200017;0,8571428571428571;5;4,88143585
Andrew Erwin;5;2,1001346830907393;0,8;4;1,7389603249999999
Jon Erwin;6;1,9727684859089496;0,8333333333333334;5;2,0859414
Daisuke Nishio;8;1,9657527160030872;0,875;0;
Thomas Carter;5;1,951278751278751;0,6;4;1,142634993939394
Donald Petrie;6;1,9307512299533574;0,5;5;2,1322021666666666
Michael Bay;14;1,9296734631661125;0,6428571428571429;13;3,9614285714285713
Benny Chan;5;1,907831920505643;0,8;2;0,9877894381338743
Jeff Tremaine;9;1,8757643425816848;0,7777777777777778;5;8,58428965
David O. Russell;6;1,8600740969534613;0,6666666666666666;6;4,345653829166666
John Landis;9;1,8270212103411794;0,6666666666666666;9;2,95
Luke Greenfield;5;1,8042773527982745;0,8;3;2,534646772727273
Simon Wells;5;1,6858361577665633;0,4;4;0,8016849213709677
Scott Cooper;5;1,64368027496418;0,6;4;0,9246945070588235
Christopher Landon;6;1,624471184781239;0,8333333333333334;5;7,187390555555556
Joe Carnahan;5;1,589292261363616;0,8;3;3,24996704
Baltasar Kormákur;5;1,524413920147562;0,8;4;2,788293404287516
Tim Johnson;7;1,523541467949743;0,5714285714285714;3;2,5409643833333333
Matt Bettinelli-Olpin;6;1,5212083424033895;0,5;4;4,971479771428571
Tyler Gillett;6;1,5212083424033895;0,5;4;4,971479771428571
Oliver Stone;14;1,509017579904418;0,5714285714285714;14;1,7520734888888887
Taylor Hackford;6;1,4763845513845506;0,6666666666666666;4;2,9019084995614035
Luc Besson;9;1,4279359730193204;0,5555555555555556;5;2,777819157894737
Dante Lam;5;1,3687195643703363;0,6;3;5,728476821192053
John Swab;5;1,360924353696707;0,6;1;2,2182613286163524
Timo Tjahjanto;5;1,3448541968204892;0,8;1;2,6387208296296296
D.J. Caruso;6;1,2907063872460505;0,5;6;1,8561081909722221
Christophe Gans;5;1,2847153770477462;0,8;2;2,166919925172414
Garry Marshall;9;1,2592849489141476;0,4444444444444444;8;3,5888287136752135
Yasuichiro Yamamoto;7;1,2469255056208388;0,7142857142857143;0;
Mikael Håfström;6;1,2402994898079172;0,6666666666666666;5;2,625513162162162
Doug Liman;11;1,1927197323872263;0,45454545454545453;10;2,705030374545455
Peter Berg;10;1,1636635031397546;0,6;9;1,4248987136363636
John Madden;5;1,1548879992343317;0,6;5;2,4774414285714284
Cameron Crowe;6;1,1084864208880465;0,8333333333333334;6;1,656914554074074
Kevin Smith;8;1,0932479442315346;0,625;5;1,5346545454545455
Alexandre Aja;8;1,0549158246103838;0,625;5;3,48584
Christopher Smith;6;0,968965121980555;0,5;2;0,3639565583333333
Adam Shankman;10;0,9244190752227197;0,3;9;3,38316175
Roger Donaldson;9;0,9115722782650914;0,4444444444444444;9;2,1998235652173914
David Twohy;6;0,8510016194837995;0,8333333333333334;6;1,2615576529761905
Victor Salva;6;0,8265990226119536;0,6666666666666666;4;4,02280002
Andy Tennant;7;0,7787274244124234;0,7142857142857143;5;1,5890148714285715
Gavin O'Connor;5;0,7616855604601398;0,4;5;0,9686154
Kenneth Branagh;9;0,7302147754381557;0,6666666666666666;5;2,81866725
Shawn Levy;10;0,6851008908362033;0,5;8;2,777006538725841
Curtis Hanson;6;0,6584458325556568;0,6666666666666666;5;2,0936666666666666
Adrian Lyne;7;0,6431420377769024;0,7142857142857143;5;7,0161594473684215
Tyler Perry;6;0,6430409030619716;0,3333333333333333;3;1,93335728
Walter Hill;11;0,6114279950754444;0,36363636363636365;10;1,7491843
Andrew Lau;6;0,5975082750064189;0,6666666666666666;0;
Mimi Leder;5;0,576670832132433;0,4;4;1,6662012875
Conrad Helten;5;0,5734882605227043;0,4;0;
Kunihiko Yuyama;16;0,5645113886718476;0,5;4;2,4999138812177004
John Singleton;6;0,4929337410113632;0,5;4;2,7794067166666663
Joseph Ruben;5;0,4910024727246352;0,4;5;2,34423784
Ryuhei Kitamura;5;0,4652459566878278;0,6;1;0,23554846666666668
Joe Johnston;7;0,4637732433648389;0,42857142857142855;7;1,3857273205128204
John G. Avildsen;5;0,435775667118952;0,4;4;5,985327635384615
Tom Shadyac;8;0,43356321490275906;0,75;8;4,510948354545454
Peter Segal;10;0,42563846271093053;0,6;9;2,336079329268293
Jay Roach;7;0,41491279766576483;0,5714285714285714;7;4,703788301587301
Wilfred Jackson;10;0,40740740740740633;0,4444444444444444;0;
M. Night Shyamalan;12;0,3719638475195885;0,5833333333333334;9;4,990933166666666
David Bruckner;5;0,31596687997053297;0,6;4;0,9755374018058691
Hamilton Luske;10;0,31282051282051243;0,5;1;21,25
Darren Lynn Bouseman;5;0,2866744003039187;0,6;3;16,3876815
Louis Leterrier;8;0,21650247169677428;0,375;6;2,011650076017316
Martin Campbell;11;0,21306138660550225;0,5454545454545454;8;2,307554183333333
Sylvester Stallone;8;0,2113755265222803;0,625;7;6,50954375
Rob Minkoff;8;0,14322217483086686;0,375;7;1,7305625333333334
Phillip Noyce;10;0,12234713369818877;0,6;7;2,9075
Robert Schwentke;5;0,09431861597225435;0,8;5;2,5985746666666665
Iain Softley;5;0,08780241070563762;0,2;4;1,232321775
George Miller;10;0,08565614849368046;0,6;10;2,9242388636363637
Joe Dante;8;0,07661861169586626;0,625;7;2,7278885
Stephen Sommers;6;0,02306858624867303;0,5;4;1,7469929149579833
Bill Roberts;7;0,0;0,5714285714285714;0;
John Huston;9;-0,0038511038511030746;0,6666666666666666;5;2,7453418
Kōbun Shizuno;9;-0,0227711396730849;0,4444444444444444;2;9,420595399048853
John Lasseter;7;-0,03417925156890484;0,5714285714285714;5;5,6817586222222225
Tom McGrath;6;-0,04802258884329783;0,5;6;4,110575709333333
Chris Renaud;5;-0,0536561599495343;0,4;5;7,87629815942029
Ariel Schulman;6;-0,0740864008069065;0,6666666666666666;3;28,5635984
Henry Joost;6;-0,0740864008069065;0,6666666666666666;3;28,5635984
Harold Ramis;7;-0,08107756353677534;0,5714285714285714;7;4,093303466666667
Michael Apted;5;-0,09233393542396442;0,4;4;2,0107865789473687
David Dobkin;6;-0,10076518750656405;0,3333333333333333;5;1,52147112
Johannes Roberts;5;-0,11041463149896913;0,4;4;5,197032991666667
Mark Waters;7;-0,23114277199332228;0,5714285714285714;5;2,72595384
James McTeigue;6;-0,24039076038621351;0,3333333333333333;6;1,2105950930769231
Barry Sonnenfeld;9;-0,29980144872539366;0,6666666666666666;7;1,9271481666666668
Yoshihiro Ueda;5;-0,3067183780539636;0,6;1;3,6363928606060605
Jeff Wadlow;5;-0,32219232187907065;0,4;4;4,592959589285714
Nicholas Stoller;6;-0,322347421132496;0,5;5;2,6193347285714284
Roland Emmerich;13;-0,32938228380889384;0,6153846153846154;11;2,328299539393939
Wolfgang Reitherman;7;-0,38644688644688635;0,2857142857142857;5;13,91881425
Jon Turteltaub;9;-0,4633623034205488;0,4444444444444444;9;4,032648821428571
Peter Farrelly;14;-0,46399405312389014;0,5714285714285714;13;2,1294441666666666
Catherine Hardwicke;6;-0,5270677675081465;0,5;5;1,3231326857142858
Carlos Saldanha;7;-0,5373898141248057;0,2857142857142857;7;5,416886766666667
Alex Zamm;7;-0,6083518032559933;0,42857142857142855;1;6,396057833333334
Andrew Davis;8;-0,6479633065006771;0,25;7;2,1339728
William Brent Bell;7;-0,6598318499222101;0,42857142857142855;4;4,3594639
Randal Kleiser;6;-0,6990545643714642;0,5;5;4,441011491344874
Raman Hui;5;-0,8513643708314262;0,6;2;3,9076908819243155
Gordon Chan;6;-0,8744796869796877;0,5;2;0,35297046239837404
Paul W. S. Anderson;7;-0,9259362311118916;0,42857142857142855;6;1,2357531408653846
Joel Schumacher;10;-0,9456879740265883;0,6;9;2,7958191272727273
Tsui Hark;11;-0,9516917974965832;0,5454545454545454;5;0,8332431
Chuck Russell;8;-0,9964826847540929;0,5;6;2,55442195
Ishirō Honda;5;-0,9981684981684993;0,2;1;0,17902995720399428
Tony Cervone;6;-1,0011281199101714;0,6666666666666666;2;1,7224519833333332
Peter Hyams;6;-1,0024599897599191;0,3333333333333333;5;1,8385763142857143
Stephen Hopkins;5;-1,0339911549066485;0,4;5;1,55565535
David Ayer;8;-1,049289896914111;0,375;7;3,112652
Eric Darnell;5;-1,0706818000178486;0,4;5;3,9978718266666666
Paul Weitz;5;-1,0725244011827457;0,4;4;3,974727888518518
Steve Miner;8;-1,1079048143453898;0,5;6;2,836207567226891
Neil Marshall;6;-1,1158485008312446;0,3333333333333333;4;1,2119145075757576
Jake Kasdan;5;-1,131746826390129;0,6;5;6,38568172
Wes Craven;11;-1,265444188978406;0,5454545454545454;6;3,2228458250000003
Brad Silberling;5;-1,2922830427004997;0,6;4;2,8716065654545453
Brett Ratner;8;-1,295486359987894;0,5;7;2,0785977166666667
Robert Rodriguez;17;-1,3205164508948513;0,4117647058823529;13;3,1505604210526315
Robert Luketic;6;-1,4020125840141364;0,3333333333333333;6;4,0160904253968255
Amy Heckerling;6;-1,4124900222998964;0,3333333333333333;4;3,567103829325891
Xavier Gens;5;-1,5187703167084592;0,4;2;2,0913847291666663
James Foley;7;-1,5959193885140988;0,42857142857142855;5;0,8646934
Roger Spottiswoode;5;-1,6697131203510651;0,2;4;2,6287337545454545
Kelly Asbury;5;-1,7539913838202552;0,4;5;3,292976433333333
Ti West;7;-1,7692943865921487;0,2857142857142857;4;4,717003815789473
Stephen Herek;9;-1,7871119550375627;0,5555555555555556;5;4,0485039
Malcolm D. Lee;8;-1,8171634728044586;0,5;8;2,17602795
Adam Wingard;8;-1,8517631330166457;0,5;5;3,0196377548387097
Tim Story;9;-1,8713898040641865;0,4444444444444444;7;2,9178305416666666
Clyde Geronimi;8;-1,9423076923076916;0,25;3;8,6
Uli Edel;5;-1,9588539838539845;0,6;2;0,9415329242424242
Ben Stiller;5;-1,9754417616658757;0,6;5;2,1238361777777777
David R. Ellis;5;-2,066774357485117;0,4;5;1,879418606060606
Conrad Vernon;5;-2,0833656792201283;0,4;3;7,439171315789474
Jean-François Richet;5;-2,1082369511289882;0,2;3;1,1764823333333334
James Gray;5;-2,1264083456663245;0,0;5;0,6452694666666666
Bobby Farrelly;13;-2,2045173218673684;0,5384615384615384;12;1,9655928999999999
Jesse V. Johnson;7;-2,2660922223843585;0,2857142857142857;2;0,024056716666666665
Mike Mitchell;7;-2,331763058114583;0,2857142857142857;6;4,283243680912163
Andy Fickman;8;-2,3449144038029175;0,5;7;2,3214857859531772
Ivan Reitman;9;-2,3467036352879256;0,4444444444444444;8;4,088163231274131
Robert Vince;7;-2,507817451623606;0,14285714285714285;2;10,109976625628141
Sofia Coppola;5;-2,5814430803194854;0,4;5;1,7699616666666667
Howard Hawks;8;-2,6861363274406744;0,2857142857142857;1;3,0625
Richard Fleischer;8;-2,7811722999222983;0,375;3;1,4666666666666666
Walt Becker;5;-2,919468749610144;0,2;5;2,772421733333333
Spike Brandt;5;-2,923705076769855;0,4;0;
Takashi Shimizu;6;-2,961161799977687;0,16666666666666666;1;3,53719195
Frank Coraci;8;-3,062779777934171;0,375;6;2,8626350353535353
McG;9;-3,1038807998403044;0,1111111111111111;5;1,82745896
Bradley Raymond;7;-3,1206511030916064;0,2857142857142857;2;6,301675375
Simon West;9;-3,1620545579567345;0,3333333333333333;8;2,6482835979166666
Jack Kinney;6;-3,1666666666666665;0,3333333333333333;1;7,212980535714285
Timur Bekmambetov;5;-3,390368145323251;0,2;4;4,79959035
Rob Zombie;8;-3,412859083750848;0,25;5;2,564251142857143
Lee Tamahori;5;-3,4409013299682982;0,2;3;3,0418460492957746
John Whitesell;5;-3,448016613748244;0,2;4;2,99953673125
Don Bluth;9;-3,470670518452582;0,3333333333333333;7;1,9637700724637681
Blake Edwards;9;-3,471463576114738;0,3333333333333333;6;4,719433416666666
Eli Roth;6;-3,52793197445585;0,0;6;3,822556266666666
Roger Kumble;8;-3,680665285633931;0,5;4;2,2458997403100778
Michael Tiddes;5;-3,814452887537995;0,2;3;5,30171525
Judd Apatow;6;-3,8905695039227433;0,3333333333333333;4;3,276272185714286
Dennis Dugan;12;-3,955015770763927;0,3333333333333333;10;2,8873087437500002
David Bowers;5;-3,996941120480126;0,2;4;1,4111781185173886
Michael Lembeck;5;-4,22338741343907;0,2;4;3,7316094384615384
Russell Mulcahy;6;-4,268104952324662;0,5;3;0,80625
Tim Hill;5;-4,373486618600931;0,4;5;2,4664228833333333
Ernie Barbarash;6;-4,567706394912276;0,16666666666666666;2;0,9424193333333334
John Guillermin;5;-4,6080952380952365;0,4;3;0,471122
Brian Levant;11;-4,648549209929832;0,18181818181818182;7;2,1803133333333333
Don Michael Paul;10;-4,720057794908216;0,1;1;0,7693312
Jonathan Liebesman;5;-4,759710462663984;0,2;4;3,1034227794642857
Brad Peyton;5;-5,050026835769872;0,2;5;3,5662268083333335
Gary Goldman;5;-5,0505402665479835;0,2;4;0,44811142547619043
Renny Harlin;14;-5,255782170330312;0,21428571428571427;12;1,3467287
Ben Stassen;6;-5,29425009110313;0,16666666666666666;3;1,8881530882352942
Charles Grosvenor;6;-5,52304897985988;0,0;2;4,81339435248296
Corey Yuen;5;-5,747853747700772;0,2;2;1,1751883857142857
Brian Taylor;5;-5,803813153627587;0,2;4;2,1729385916666666
Steven Brill;8;-5,968982550659416;0,0;5;2,58784559939302
Steven C. Miller;6;-5,9844688421796866;0,16666666666666666;2;5,535385479591837
Simon Wincer;5;-6,1086423133129175;0,2;5;1,07065525
Lee Sang-soo;5;-6,203113322632424;0,4;1;7,298948666666667
Dwight H. Little;7;-6,2414423484024635;0,0;5;2,81305572
Brian Robbins;6;-6,421158878964281;0,0;6;1,7671859321428571
John Moore;6;-6,441415911074415;0,0;4;1,9896259357142856
Mark Neveldine;6;-6,504760119605481;0,16666666666666666;5;1,72802885
Raja Gosnell;9;-6,560059620173838;0,0;8;4,253801522727272
J. Lee Thompson;8;-6,6722222222222225;0,125;5;4,816666666666666
John R. Leonetti;6;-7,312260360453133;0,16666666666666666;3;1,9564454166666667
Rob Cohen;8;-7,4851792148962835;0,125;8;2,1524917410714286
Steve Carr;7;-7,664334601719672;0,14285714285714285;6;4,650976542307692
Peter Hewitt;5;-7,962351104545059;0,0;4;1,8703249896551724
Tinto Brass;5;-8,434753831171742;0,2;1;1,3393211428571428
Edward John Drake;7;-8,62653825575174;0,14285714285714285;2;1,5282874312893082
Andrzej Bartkowiak;5;-8,776632302405497;0,0;5;2,25739768
Roel Reiné;8;-9,300413815618915;0,0;1;7,387071813333334
Choi Woo-seong;8;-9,343322632423757;0,375;0;
Joe D'Amato;6;-9,850174241262915;0,3333333333333333;1;2,3846514724310777
Nick Lyon;5;-13,583432143737019;0,0;0;
Lee Ri-dan;5;-14,354285714285714;0,6;0;
Uwe Boll;5;-17,867722813523333;0,0;3;0,52940395
Jesús Franco;5;-20,204814842045927;0,0;0;
Aaron Seltzer;6;-20,340911580273286;0,0;5;4,0712494
Jason Friedberg;6;-20,340911580273286;0,0;5;4,0712494
Lee Dong-joon;5;-21,0156125;0,2;0;
